{"cameraMode":{"drawMode":0,"name":"Shaded","section":"Shading Mode"},"sceneLighting":false,"audioPlay":false,"sceneViewState":{"showFog":false,"showMaterialUpdate":false,"showSkybox":false,"showFlares":false,"showImageEffects":false,"showParticleSystems":false},"in2DMode":false,"pivot":{"x":-8.920780181884766,"y":5.562081813812256,"z":-2.7352182865142824},"rotation":{"x":-0.10065460950136185,"y":0.5838386416435242,"z":-0.07324934005737305,"w":-0.8022698760032654},"size":4.8870930671691898,"orthographic":false}