{"cameraMode":{"drawMode":0,"name":"Shaded","section":"Shading Mode"},"sceneLighting":false,"audioPlay":false,"sceneViewState":{"showFog":false,"showMaterialUpdate":false,"showSkybox":false,"showFlares":false,"showImageEffects":false,"showParticleSystems":false},"in2DMode":false,"pivot":{"x":16.015336990356447,"y":2.9551682472229006,"z":9.99999713897705},"rotation":{"x":-0.12832972407341004,"y":0.17021791636943818,"z":-0.023527728393673898,"w":-0.976956307888031},"size":7.726631164550781,"orthographic":false}