{"cameraMode":{"drawMode":0,"name":"Shaded","section":"Shading Mode"},"sceneLighting":false,"audioPlay":false,"sceneViewState":{"showFog":false,"showMaterialUpdate":false,"showSkybox":false,"showFlares":false,"showImageEffects":false,"showParticleSystems":false},"in2DMode":false,"pivot":{"x":-154.43641662597657,"y":4.047571182250977,"z":52.09344482421875},"rotation":{"x":-0.18184559047222138,"y":-0.8154926896095276,"z":0.33750346302986147,"w":-0.43434691429138186},"size":26.6427001953125,"orthographic":true}