{"cameraMode":{"drawMode":0,"name":"Shaded","section":"Shading Mode"},"sceneLighting":true,"audioPlay":false,"sceneViewState":{"showFog":false,"showMaterialUpdate":false,"showSkybox":true,"showFlares":false,"showImageEffects":false,"showParticleSystems":false},"in2DMode":false,"pivot":{"x":-137.47879028320313,"y":38.734378814697269,"z":-45.286800384521487},"rotation":{"x":-0.19661402702331544,"y":0.3546304404735565,"z":-0.07870279252529144,"w":-0.9111126661300659},"size":10.791692733764649,"orthographic":true}