{"cameraMode":{"drawMode":0,"name":"Shaded","section":"Shading Mode"},"sceneLighting":false,"audioPlay":false,"sceneViewState":{"showFog":false,"showMaterialUpdate":false,"showSkybox":false,"showFlares":false,"showImageEffects":false,"showParticleSystems":false},"in2DMode":false,"pivot":{"x":19.6472110748291,"y":-3.1770553588867189,"z":7.823700428009033},"rotation":{"x":-0.11658331751823425,"y":0.7475440502166748,"z":-0.1362694799900055,"w":-0.6395506858825684},"size":7.873324871063232,"orthographic":false}