{"cameraMode":{"drawMode":0,"name":"Shaded","section":"Shading Mode"},"sceneLighting":false,"audioPlay":false,"sceneViewState":{"showFog":false,"showMaterialUpdate":false,"showSkybox":false,"showFlares":false,"showImageEffects":false,"showParticleSystems":false},"in2DMode":false,"pivot":{"x":-0.03347015380859375,"y":18.508277893066408,"z":0.02127695083618164},"rotation":{"x":-0.0770590528845787,"y":-0.9087521433830261,"z":0.18617698550224305,"w":-0.366377592086792},"size":20.945934295654298,"orthographic":true}