{"cameraMode":{"drawMode":0,"name":"Shaded","section":"Shading Mode"},"sceneLighting":true,"audioPlay":false,"sceneViewState":{"showFog":false,"showMaterialUpdate":false,"showSkybox":true,"showFlares":false,"showImageEffects":false,"showParticleSystems":false},"in2DMode":false,"pivot":{"x":-141.57138061523438,"y":33.14480972290039,"z":-46.622093200683597},"rotation":{"x":-0.5234894156455994,"y":0.08152173459529877,"z":-0.0525762140750885,"w":-0.8469222784042358},"size":79.36516571044922,"orthographic":true}